{
    "type": "object",
    "description": "Change nails color or apply textures",
    "properties": {
        "color": {
            "type": "string",
            "default": "0 0 0",
            "description": "Solid color of the nails in RGB string format."
        },
        "gloss": {
            "type": "number",
            "minimum": 0,
            "maximum" : 60,
            "description": "Gloss of the nails in the range of [0, 60]. "
        },
        "textures": {
            "type": "array",
            "items": {
                "type": "string",
                "default": ""
            },
            "minItems": 0,
            "maxItems": 5,
            "description": "Array of texture's filenames of each nail"
        }
    }
}